# mean, investigation_time=50.0
lon,lat,PGA-0.005,PGA-0.007,PGA-0.0098,PGA-0.0137,PGA-0.0192,PGA-0.0269,PGA-0.0376,PGA-0.0527,PGA-0.0738,PGA-0.103,PGA-0.145,PGA-0.203,PGA-0.284,PGA-0.397,PGA-0.556,PGA-0.778,PGA-1.09,PGA-1.52,PGA-2.13,SA(0.1)-0.005,SA(0.1)-0.007,SA(0.1)-0.0098,SA(0.1)-0.0137,SA(0.1)-0.0192,SA(0.1)-0.0269,SA(0.1)-0.0376,SA(0.1)-0.0527,SA(0.1)-0.0738,SA(0.1)-0.103,SA(0.1)-0.145,SA(0.1)-0.203,SA(0.1)-0.284,SA(0.1)-0.397,SA(0.1)-0.556,SA(0.1)-0.778,SA(0.1)-1.09,SA(0.1)-1.52,SA(0.1)-2.13
0.00000,0.00000,9.787376E-01,9.639677E-01,9.358906E-01,8.899877E-01,8.448357E-01,7.941472E-01,7.205095E-01,5.826860E-01,4.150565E-01,2.723382E-01,1.679504E-01,9.487902E-02,5.895971E-02,2.667443E-02,1.457172E-02,9.815075E-03,2.469009E-03,2.469009E-03,0.000000E+00,9.919672E-01,9.854343E-01,9.743066E-01,9.558728E-01,9.328600E-01,8.971498E-01,8.462468E-01,7.929835E-01,6.913407E-01,5.787752E-01,4.279066E-01,3.073288E-01,1.812854E-01,1.065455E-01,6.313777E-02,2.444625E-02,7.346066E-03,4.877058E-03,0.000000E+00
0.00000,1.00000,9.590359E-01,9.392622E-01,9.061991E-01,8.693827E-01,8.288101E-01,7.658251E-01,6.908413E-01,5.429365E-01,3.842091E-01,2.258627E-01,1.283241E-01,7.512325E-02,3.860611E-02,1.956919E-02,7.346066E-03,0.000000E+00,0.000000E+00,0.000000E+00,0.000000E+00,9.765639E-01,9.674853E-01,9.517333E-01,9.298615E-01,9.084748E-01,8.760460E-01,8.372489E-01,7.769503E-01,7.063212E-01,5.801329E-01,4.332927E-01,3.045734E-01,1.745985E-01,1.034986E-01,5.452413E-02,2.667443E-02,1.704073E-02,9.754115E-03,2.469009E-03
0.00000,2.50000,7.704751E-01,6.887642E-01,5.435381E-01,3.378603E-01,1.786984E-01,9.433247E-02,3.801718E-02,2.469009E-03,0.000000E+00,0.000000E+00,0.000000E+00,0.000000E+00,0.000000E+00,0.000000E+00,0.000000E+00,0.000000E+00,0.000000E+00,0.000000E+00,0.000000E+00,8.272059E-01,7.869351E-01,7.280298E-01,6.087726E-01,4.653373E-01,3.018911E-01,1.385179E-01,6.799198E-02,2.167993E-02,7.407026E-03,0.000000E+00,0.000000E+00,0.000000E+00,0.000000E+00,0.000000E+00,0.000000E+00,0.000000E+00,0.000000E+00,0.000000E+00
