rupid	multiplicity	mag	centroid_lon	centroid_lat	centroid_depth	trt	strike	dip	rake	boundary
505	1	5.100000E+00	1.246964E+01	5.030785E+01	1.100000E+01	Volcanic	1.083403E-01	9.000000E+01	0.000000E+00	MULTIPOLYGON(((12.46959 50.29055,12.46969 50.32514,12.46969 50.32514,12.46959 50.29055,12.46959 50.29055)))
521	1	5.500000E+00	1.232856E+01	5.021791E+01	1.100000E+01	Volcanic	3.599994E+02	9.000000E+01	0.000000E+00	MULTIPOLYGON(((12.32856 50.19174,12.32856 50.24409,12.32856 50.24409,12.32856 50.19174,12.32856 50.19174)))
81975	1	4.900000E+00	8.003264E+00	4.823680E+01	9.000000E+00	Stable Shallow Crust	3.597943E+02	9.000000E+01	-9.000000E+01	MULTIPOLYGON(((8.00336 48.21994,8.00317 48.25366,8.00317 48.25366,8.00336 48.21994,8.00336 48.21994)))
83116	1	4.700000E+00	6.158185E+00	5.058302E+01	1.250000E+01	Stable Shallow Crust	3.259179E-01	9.000000E+01	-9.000000E+01	MULTIPOLYGON(((6.15806 50.56905,6.15831 50.59697,6.15831 50.59697,6.15806 50.56905,6.15806 50.56905)))
85589	1	4.900000E+00	2.645823E+00	5.095027E+01	1.000000E+01	Stable Shallow Crust	3.307140E-01	9.000000E+01	-9.000000E+01	MULTIPOLYGON(((2.64567 50.93341,2.64598 50.96713,2.64598 50.96713,2.64567 50.93341,2.64567 50.93341)))
124398	1	5.100000E+00	1.105577E+01	4.732074E+01	9.000000E+00	Stable Shallow Crust	2.913875E-01	9.000000E+01	0.000000E+00	MULTIPOLYGON(((11.05564 47.30345,11.05590 47.33804,11.05590 47.33804,11.05564 47.30345,11.05564 47.30345)))
517043	1	4.900000E+00	1.798424E+01	5.017841E+01	1.400000E+01	Stable Shallow Crust	1.830535E+00	9.000000E+01	9.000000E+01	MULTIPOLYGON(((17.98367 50.16696,17.98481 50.18985,17.98481 50.18985,17.98367 50.16696,17.98367 50.16696)))
517814	1	5.500000E+00	1.894109E+01	4.981867E+01	1.400000E+01	Stable Shallow Crust	2.553198E+00	9.000000E+01	9.000000E+01	MULTIPOLYGON(((18.93954 49.79618,18.94265 49.84117,18.94265 49.84117,18.93954 49.79618,18.93954 49.79618)))
